filename,date,frame_number
000f234e-a75b-43fa-a360-24f1c0e19fdd.jpg,,388
0019efc9-1b8a-43e2-adbe-566ecb7b1f86.jpg,,
001c1631-1399-4173-a9da-3bb98b089ccd.jpg,,
0034267e-c455-4516-973d-8e2819224760.jpg,2022-02-22,
0039c480-13da-42c0-8c69-0a0f543a2189.jpg,,
003d8cf5-b22c-455b-8c48-a99389a5a44a.jpg,2022-03-05,
003df798-a723-44c6-8e9d-eaaad3fb98ad.jpg,,
0045d440-cfe9-46c8-a302-30dbb064de9d.jpg,,
004c70a1-5dcd-41b3-ad66-457c06db3ea8.jpg,,
00535377-de70-4a1a-88a5-660342bc04ec.jpg,,
0073e44d-a763-4ac9-87ed-c53957a3b89a.jpg,,
007e0457-f69b-410f-8b32-83999ed8aec6.jpg,,
008eb2d8-894f-44a8-9a2d-193159820ace.jpg,,
00911a2e-d586-4ab7-b7f4-f506268f2a98.jpg,2022-03-05,
00c7aa15-810a-4163-ab1a-8cdcb45927f1.jpg,,
00d98cb8-8902-4cca-a0ce-5da1e6591dca.jpg,,
00e65e36-1de8-4de4-974c-712abf460d02.jpg,,300
00e7881e-da6c-48d9-9ded-ce7c5fa30113.jpg,,
01012383-da98-4fa1-b6f8-577ee03a26ad.jpg,,
010986c0-2daf-4218-8508-dc1fed90f0ee.jpg,,
01465213-1549-42e9-be71-67411cb8367b.jpg,,
01626b43-844b-457b-a511-cc9419b45e90.jpg,,220
0162dec1-ccf7-467a-b9cf-3056104515c8.jpg,,
01827a04-8487-46fb-bfb8-f70cda0b9990.jpg,,316
0182c39e-cf4b-419f-a13f-de16ee79f559.jpg,,
01830bc4-8059-460d-a442-1e1d0c164c8d.jpg,,
01945a8f-bbfd-4b04-a21e-abc5bc70ba21.jpg,,
01b5d214-8e4a-4592-81f0-abe6d842a7a9.jpg,,
01b64d8d-440a-4b1e-881c-7727fc25033d.jpg,,
01f56bd9-202e-488e-9ed4-74d2855d69a0.jpg,,
01fe4536-3c1a-4cd7-b456-f05426bcd3ac.jpg,2022-03-01,
021a7af6-8ae6-44a2-bf23-6b550d69ce54.jpg,,
021a960d-0986-4778-9703-c7077b39dbf8.jpg,,
022ce1de-b2a1-48f2-a323-0bd41a828119.jpg,,
02362b59-d7ee-4d0e-b267-87b71dfd0ddb.jpg,,
0244872a-a69c-4c8a-b6d8-2e0bcef52993.jpg,2022-02-22,
0260c8a5-b3cf-4d1e-8331-3f0e0b24d4a7.jpg,,
0266f577-6141-4934-b1cb-9b060d2c9fe2.jpg,,
026dc0d1-3240-4c3b-ba8f-865421444db8.jpg,,
02750024-32c7-4b73-804b-2bcd8148a8ed.jpg,,
027853a9-4691-4dc9-b576-e9a02413e135.jpg,,
02852986-63e6-4867-94cb-5f8289531f34.jpg,,491
02971bc8-cd13-450b-a150-99f2623031eb.jpg,,379
02a31ad8-b7b8-40cb-90ea-f3b2eb2740ad.jpg,,
02bb60ab-21b7-4fe1-94fe-c0131fd1c453.jpg,,
02d339c1-1fbf-4062-84f7-5b74f617b065.jpg,,
02dc60e1-b69f-427d-a953-f3e39841a4bf.jpg,2022-03-01,84
02e095e3-a303-4bb5-b14b-e3c7ccbcc464.jpg,,223
02e2c194-4227-41d4-9aa2-33817e73df3a.jpg,,
02eee7b4-6b6a-46da-805c-1c69cfa4391d.jpg,,
